Workbook

Sheet 使用说明
B1: 维多教育 · 学员成长档案系统 — 月度数据采集模板 使用说明
B2: 教务部门每月第1～3个工作日完成填写，发给档案管理员导入系统
B4: 工作表 | C4: 用途 | D4: 填写人 / 时间节点
B5: ①学员信息 | C5: 新增学员建档 / 更新在读学员基本信息（年级、现分、目标分等） | D5: 教务主任，每月1日前
B6: ②月度测试记录 | C6: 录入本月各知识模块测试成绩（对应 AI提分工坊→小测+答题） | D6: 带课老师，每月3日前
B7: ③月度上课记录 | C7: 记录授课课次、作业完成情况、家长反馈摘要 | D7: 带课老师，每月3日前
B8: ④月度汇总 | C8: 自动汇总①②③，供校长月度复盘用，无需手动填写 | D8: 系统自动（公式）
B9: 使用说明 | C9: 本页，阅读后无需改动 | D9: —
B11: ⚠ 填写规范 & 常见问题
B12: • 学员姓名必须与系统中已建档的姓名完全一致（注意空格）
B13: • 年级下拉选项：高一 / 高二 / 高三 / 初一 / 初二 / 初三
B14: • 层次下拉选项：基础巩固型 / 中等提升型 / 高分冲刺型
B15: • 测试模块：集合 / 函数 / 导数 / 三角函数 / 数列 / 向量 / 解析几何 / 立体几何 / 概率统计 / 其他
B16: • 成绩单元格只填数字，不填分字
B17: • 如学员本月未参加测试，测试记录表该行留空（不要填0分）
B18: • 黄色底色 = 必填项；灰色底色 = 公式自动计算，请勿修改

Sheet ①学员信息
B1: ① 学员信息采集表
B2: ▶ 每月1日前，教务主任填写本月新增学员 或 更新在读学员信息
B3: ★ "操作类型" 列：新学员填"新增"，已有学员信息变更填"更新"，本月无变化不用填
B4: 序号 | C4: 操作类型 | D4: 学员姓名 | E4: 年级 | F4: 现分（数学） | G4: 目标分（数学） | H4: 层次 | I4: 家长手机 | J4: 紧急联系人 | K4: 备注
B5: 1 | C5: 新增 | D5: 张三丰 | E5: 高三 | F5: 88 | G5: 115 | H5: 中等提升型 | I5: 13900000001 | J5: 张父 | K5: 理科班
B6: 2 | C6: 新增 | D6: 李四维 | E6: 高二 | F6: 72 | G6: 100 | H6: 基础巩固型 | I6: 13900000002 | J6: 李母
B7: 3 | C7: 更新 | D7: 王五 | E7: 高三 | F7: 95 | G7: 120 | H7: 高分冲刺型 | I7: 13900000003 | J7: 王父 | K7: 成绩更新
B8: 4
B9: 5
B10: 6
B11: 7
B12: 8
B13: 9
B14: 10
B15: 11
B16: 12
B17: 13
B18: 14
B19: 15
... B37: 33

Sheet ②月度测试记录
B1: ② 月度测试记录采集表
B2: ▶ 每月3日前，带课老师填写本月各学员知识模块小测成绩
B3: 得分率 = 得分/满分，公式自动计算。批改状态：已批改 / 未批改
B4: 序号 | C4: 测试日期 | D4: 学员姓名 | E4: 带课老师 | F4: 知识模块 | G4: 题量 | H4: 满分 | I4: 得分 | J4: 得分率 | K4: 是否批改 | L4: 备注/薄弱知识点
B5: 1 | C5: 2026-05-05 | D5: 张三丰 | E5: 陈老师 | F5: 导数与单调性 | G5: 10 | H5: 50 | I5: 38 | J5: =IF(H5=0,"",I5/H5) -> 0.76 | K5: 已批改 | L5: 极值点判断需加强
B6: 2 | C6: 2026-05-06 | D6: 李四维 | E6: 陈老师 | F6: 函数综合 | G6: 8 | H6: 40 | I6: 28 | J6: =IF(H6=0,"",I6/H6) -> 0.7 | K6: 已批改 | L6: 复合函数处理方法薄弱
B7: 3 | C7: 2026-05-08 | D7: 王五 | E7: 陈老师 | F7: 解析几何 | G7: 12 | H7: 60 | I7: 55 | J7: =IF(H7=0,"",I7/H7) -> 0.91666667 | K7: 已批改
B8: 4 | J8: =IF(H8=0,"",I8/H8) -> #VALUE!
B9: 5 | J9: =IF(H9=0,"",I9/H9) -> #VALUE!
B10: 6 | J10: =IF(H10=0,"",I10/H10) -> #VALUE!
B11: 7 | J11: =IF(H11=0,"",I11/H11) -> #VALUE!
B12: 8 | J12: =IF(H12=0,"",I12/H12) -> #VALUE!
B13: 9 | J13: =IF(H13=0,"",I13/H13) -> #VALUE!
B14: 10 | J14: =IF(H14=0,"",I14/H14) -> #VALUE!
B15: 11 | J15: =IF(H15=0,"",I15/H15) -> #VALUE!
B16: 12 | J16: =IF(H16=0,"",I16/H16) -> #VALUE!
B17: 13 | J17: =IF(H17=0,"",I17/H17) -> #VALUE!
B18: 14 | J18: =IF(H18=0,"",I18/H18) -> #VALUE!
B19: 15 | J19: =IF(H19=0,"",I19/H19) -> #VALUE!
... B57: 53 | J57: =IF(H57=0,"",I57/H57) -> #VALUE!

Sheet ③月度上课记录
B1: ③ 月度上课记录采集表
B2: ▶ 每月3日前，带课老师填写上月授课情况及家长反馈
B3: 课次时长单位：分钟。作业完成：按时完成/延迟完成/未完成。家长态度：积极/中立/待跟进/无沟通
B4: 序号 | C4: 授课日期 | D4: 学员姓名 | E4: 带课老师 | F4: 课次时长(分) | G4: 本次主题 | H4: 作业完成情况 | I4: 家长沟通态度 | J4: 下次重点 | K4: 本次课程摘要/家长反馈
B5: 1 | C5: 2026-05-05 | D5: 张三丰 | E5: 陈老师 | F5: 90 | G5: 导数综合应用 | H5: 按时完成 | I5: 积极 | J5: 极值与最值 | K5: 家长反馈：孩子课后专注度提升
B6: 2 | C6: 2026-05-06 | D6: 李四维 | E6: 陈老师 | F6: 90 | G6: 函数奇偶性 | H6: 延迟完成 | I6: 中立 | J6: 复合函数 | K6: 建议家长督促每日30分钟复习
B7: 3 | C7: 2026-05-08 | D7: 王五 | E7: 陈老师 | F7: 90 | G7: 椭圆标准方程 | H7: 按时完成 | I7: 积极 | J7: 焦点三角形
B8: 4
B9: 5
B10: 6
B11: 7
B12: 8
B13: 9
B14: 10
B15: 11
B16: 12
B17: 13
B18: 14
B19: 15
... B57: 53

Sheet ④月度汇总
B1: ④ 月度汇总（公式自动计算）
B2: ▶ 本表由公式自动统计，供校长月度复盘。灰色单元格请勿手动修改。
B4: 【学员信息统计】
B5: 本月新增学员数 | C5: =COUNTIF(①学员信息!C5:C100,"新增") -> 2
B6: 本月更新信息学员数 | C6: =COUNTIF(①学员信息!C5:C100,"更新") -> 1
B7: 填报学员总数 | C7: =COUNTA(①学员信息!D5:D100) -> 33
B9: 【测试成绩统计】
B10: 本月总测试场次 | C10: =COUNTA(②月度测试记录!D5:D100) -> 53
B11: 总得分（所有学员） | C11: =SUM(②月度测试记录!I5:I100) -> 121
B12: 总满分（所有学员） | C12: =SUM(②月度测试记录!H5:H100) -> 150
B13: 本月整体平均得分率 | C13: =IFERROR(SUM(②月度测试记录!I5:I100)/SUM(②月度测试记录!H5:H100),"—") -> 0.80666667
B14: 得分率最高学员 | C14: =IFERROR(INDEX(②月度测试记录!D5:D100,MATCH(MAX(②月度测试记录!J5:J100),②月度测试记录!J5:J100,0)),"—") -> —
B15: 得分率最低学员 | C15: =IFERROR(INDEX(②月度测试记录!D5:D100,MATCH(MIN(②月度测试记录!J5:J100),②月度测试记录!J5:J100,0)),"—") -> —
B17: 【上课情况统计】
B18: 本月总课次 | C18: =COUNTA(③月度上课记录!D5:D100) -> 53
B19: 总授课时长（分钟） | C19: =SUM(③月度上课记录!F5:F100) -> 270
B20: 作业按时完成次数 | C20: =COUNTIF(③月度上课记录!I5:I100,"按时完成") -> 0
B21: 作业延迟/未完成次数 | C21: =COUNTIF(③月度上课记录!I5:I100,"延迟完成")+COUNTIF(③月度上课记录!I5:I100,"未完成") -> 0
B22: 家长待跟进次数 | C22: =COUNTIF(③月度上课记录!J5:J100,"待跟进") -> 0
B24: 【各模块测试频次与平均得分率（本月）】
B25: 知识模块 | C25: 本月测试次数 | D25: 平均得分率
B26: 集合 | C26: =COUNTIF(②月度测试记录!F5:F100,B26) -> 0 | D26: =IFERROR(AVERAGEIF(②月度测试记录!F5:F100,B26,②月度测试记录!J5:J100),"—") -> —
B27: 函数 | C27: =COUNTIF(②月度测试记录!F5:F100,B27) -> 0 | D27: =IFERROR(AVERAGEIF(②月度测试记录!F5:F100,B27,②月度测试记录!J5:J100),"—") -> —
B28: 导数 | C28: =COUNTIF(②月度测试记录!F5:F100,B28) -> 0 | D28: =IFERROR(AVERAGEIF(②月度测试记录!F5:F100,B28,②月度测试记录!J5:J100),"—") -> —
B29: 三角函数 | C29: =COUNTIF(②月度测试记录!F5:F100,B29) -> 0 | D29: =IFERROR(AVERAGEIF(②月度测试记录!F5:F100,B29,②月度测试记录!J5:J100),"—") -> —
B30: 数列 | C30: =COUNTIF(②月度测试记录!F5:F100,B30) -> 0 | D30: =IFERROR(AVERAGEIF(②月度测试记录!F5:F100,B30,②月度测试记录!J5:J100),"—") -> —
B31: 向量 | C31: =COUNTIF(②月度测试记录!F5:F100,B31) -> 0 | D31: =IFERROR(AVERAGEIF(②月度测试记录!F5:F100,B31,②月度测试记录!J5:J100),"—") -> —
B32: 解析几何 | C32: =COUNTIF(②月度测试记录!F5:F100,B32) -> 1 | D32: =IFERROR(AVERAGEIF(②月度测试记录!F5:F100,B32,②月度测试记录!J5:J100),"—") -> 0.91666667
B33: 立体几何 | C33: =COUNTIF(②月度测试记录!F5:F100,B33) -> 0 | D33: =IFERROR(AVERAGEIF(②月度测试记录!F5:F100,B33,②月度测试记录!J5:J100),"—") -> —
B34: 概率统计 | C34: =COUNTIF(②月度测试记录!F5:F100,B34) -> 0 | D34: =IFERROR(AVERAGEIF(②月度测试记录!F5:F100,B34,②月度测试记录!J5:J100),"—") -> —
B35: 其他 | C35: =COUNTIF(②月度测试记录!F5:F100,B35) -> 0 | D35: =IFERROR(AVERAGEIF(②月度测试记录!F5:F100,B35,②月度测试记录!J5:J100),"—") -> —
B37: 模板版本：2026-05 V1 | 维多教育 · 学员成长档案系统 | 如有问题联系系统管理员
